TrainingID,TraineeID,Department,CourseCode,CourseName,TrainingType,IsMandatory,Provider,Country,City,BookingDate,StartDate,EndDate,DurationDays,Status,CompletionPercent,Rating,BaseCost,TravelCost,TotalCost,CancelDate
TRN00001,TR0001,Deck,BST,Basic Safety Training (STCW),STCW,Yes,Seagull Maritime,Norway,Oslo,2024-07-08,2024-09-27,2024-10-01,4,Completed,100,4.2,1188,320,1508,
TRN00002,TR0001,Deck,HUET,Helicopter Underwater Escape Training (OPITO),OPITO,No,,,,2024-10-24,2024-11-26,2024-11-27,1,Cancelled,0,,930,449,1379,2024-11-14
TRN00003,TR0001,Deck,AFF,Advanced Firefighting (STCW),STCW,Yes,Offshore Safety Center,Netherlands,Rotterdam,2024-10-31,2024-12-09,2024-12-13,4,Completed,100,4.2,1785,491,2276,
TRN00004,TR0001,Deck,BST,Basic Safety Training (STCW),STCW,Yes,RelyOn Nutec,Norway,Stavanger,2024-07-10,2024-10-03,2024-10-07,4,Completed,100,3.1,1313,321,1634,
TRN00005,TR0002,Deck,HUET,Helicopter Underwater Escape Training (OPITO),OPITO,No,,,,2024-05-13,2024-07-08,2024-07-10,2,Completed,100,4.6,850,663,1513,
TRN00006,TR0002,Deck,ECDIS,ECDIS,Other,No,RelyOn Nutec,Denmark,Esbjerg,2025-05-08,2025-07-20,2025-07-25,5,Completed,100,3.7,1330,784,2114,
TRN00007,TR0002,Deck,MFA,Medical First Aid (STCW),STCW,Yes,Navis Training Centre,Poland,Gdynia,2024-05-19,2024-06-15,2024-06-18,3,No-show,0,,1287,138,1425,
TRN00008,TR0002,Deck,PSCRB,Proficiency in Survival Craft and Rescue Boats (STCW),STCW,Yes,Seagull Maritime,Norway,Oslo,2024-10-24,2024-11-11,2024-11-16,5,Completed,100,4.5,1945,352,2297,
TRN00009,TR0003,Catering,PSCRB,Proficiency in Survival Craft and Rescue Boats (STCW),STCW,Yes,RelyOn Nutec,Denmark,Esbjerg,2024-09-27,2024-12-05,2024-12-10,5,In progress,17,,2054,727,2781,
TRN00010,TR0003,Catering,SEC,Security Awareness (STCW),STCW,Yes,RelyOn Nutec,Norway,Stavanger,2023-11-09,2024-02-04,2024-02-05,1,Completed,100,4.6,380,719,1099,
TRN00011,TR0004,Deck,SEC,Security Awareness (STCW),STCW,Yes,Navis Training Centre,Poland,Gdynia,2024-11-22,2025-01-24,2025-01-25,1,Completed,100,3.9,405,53,458,
TRN00012,TR0004,Deck,MFA,Medical First Aid (STCW),STCW,Yes,Navis Training Centre,Poland,Gdynia,2025-02-08,2025-04-21,2025-04-24,3,Completed,100,4.7,1117,93,1210,
TRN00013,TR0004,Deck,GMDSS,GMDSS General Operator's Certificate,Other,No,,,,2025-01-19,2025-03-31,2025-04-09,9,Completed,100,4.4,2295,512,2807,
TRN00014,TR0004,Deck,ECDIS,ECDIS,Other,No,RelyOn Nutec,Norway,Stavanger,2024-10-02,2024-12-03,2024-12-07,4,Completed,100,4.3,1479,709,2188,
TRN00015,TR0004,Deck,SEC,Security Awareness (STCW),STCW,Yes,Offshore Safety Center,Netherlands,Rotterdam,2025-03-18,2025-05-07,2025-05-08,1,Completed,100,4.5,456,314,770,
TRN00016,TR0004,Deck,AFF,Advanced Firefighting (STCW),STCW,Yes,RelyOn Nutec,Norway,Stavanger,2023-12-16,2024-03-05,2024-03-08,3,Completed,100,3.5,1920,643,2563,
TRN00017,TR0005,Catering,AFF,Advanced Firefighting (STCW),STCW,Yes,Navis Training Centre,Poland,Gdynia,2025-04-26,2025-05-13,2025-05-16,3,Completed,100,3.9,1818,82,1900,
TRN00018,TR0005,Catering,AFF,Advanced Firefighting (STCW),STCW,Yes,Maersk Training,Denmark,Svendborg,2024-11-24,2025-01-13,2025-01-16,3,Completed,100,4.2,1427,434,1861,
TRN00019,TR0005,Catering,SEC,Security Awareness (STCW),STCW,Yes,RelyOn Nutec,Denmark,Esbjerg,2023-12-07,2024-02-02,2024-02-03,1,Completed,100,4.9,361,515,876,
TRN00020,TR0006,Engine,MFA,Medical First Aid (STCW),STCW,Yes,Seagull Maritime,Norway,Oslo,2024-02-15,2024-04-08,2024-04-11,3,In progress,44,,1259,513,1772,
TRN00021,TR0006,Engine,AFF,Advanced Firefighting (STCW),STCW,Yes,Offshore Safety Center,Netherlands,Rotterdam,2025-06-09,2025-09-04,2025-09-07,3,Completed,100,3.9,1404,517,1921,
TRN00022,TR0006,Engine,HUET,Helicopter Underwater Escape Training (OPITO),OPITO,No,,,,2025-01-03,2025-01-27,2025-01-28,1,Completed,100,3.9,1145,341,1486,
TRN00023,TR0006,Engine,MFA,Medical First Aid (STCW),STCW,Yes,Seagull Maritime,Norway,Oslo,2025-02-04,2025-04-05,2025-04-08,3,Completed,100,3.6,962,651,1613,
TRN00024,TR0006,Engine,HUET,Helicopter Underwater Escape Training (OPITO),OPITO,No,,,,2024-03-04,2024-04-05,2024-04-07,2,Completed,100,4.8,1030,536,1566,
TRN00025,TR0007,Deck,HUET,Helicopter Underwater Escape Training (OPITO),OPITO,No,,,,2025-06-02,2025-06-24,2025-06-26,2,Completed,100,3.9,959,120,1079,
TRN00026,TR0007,Deck,SEC,Security Awareness (STCW),STCW,Yes,Maersk Training,Denmark,Svendborg,2025-06-10,2025-07-31,2025-08-01,1,Completed,100,4.0,344,361,705,
TRN00027,TR0007,Deck,HUET,Helicopter Underwater Escape Training (OPITO),OPITO,No,,,,2023-12-06,2024-01-28,2024-01-30,2,No-show,0,,1139,585,1724,
TRN00028,TR0008,Catering,HUET,Helicopter Underwater Escape Training (OPITO),OPITO,No,,,,2024-09-16,2024-11-26,2024-11-28,2,Completed,100,4.1,1024,684,1708,
TRN00029,TR0008,Catering,GMDSS,GMDSS General Operator's Certificate,Other,No,,,,2025-09-07,2025-09-19,2025-09-27,8,Completed,100,3.6,2358,497,2855,
TRN00030,TR0008,Catering,HUET,Helicopter Underwater Escape Training (OPITO),OPITO,No,,,,2025-03-13,2025-03-31,2025-04-01,1,Completed,100,3.8,1117,464,1581,
TRN00031,TR0008,Catering,MFA,Medical First Aid (STCW),STCW,Yes,Seagull Maritime,Norway,Oslo,2024-11-28,2025-01-08,2025-01-11,3,Completed,100,4.8,995,771,1766,
TRN00032,TR0008,Catering,ECDIS,ECDIS,Other,No,OSM Academy,Poland,Gdańsk,2024-06-10,2024-08-20,2024-08-25,5,Completed,100,4.3,1251,61,1312,
TRN00033,TR0008,Catering,PSCRB,Proficiency in Survival Craft and Rescue Boats (STCW),STCW,Yes,Offshore Safety Center,Netherlands,Rotterdam,2024-02-17,2024-04-22,2024-04-26,4,Completed,100,3.5,1680,486,2166,
TRN00034,TR0009,Deck,AFF,Advanced Firefighting (STCW),STCW,Yes,RelyOn Nutec,Denmark,Esbjerg,2023-10-31,2024-01-02,2024-01-06,4,Completed,100,4.0,1624,684,2308,
TRN00035,TR0010,Office,AFF,Advanced Firefighting (STCW),STCW,Yes,Maersk Training,Denmark,Svendborg,2024-12-04,2025-02-19,2025-02-22,3,Completed,100,4.1,1838,502,2340,
TRN00036,TR0010,Office,GMDSS,GMDSS General Operator's Certificate,Other,No,,,,2024-06-06,2024-07-02,2024-07-12,10,Completed,100,5.0,2766,593,3359,
TRN00037,TR0010,Office,BST,Basic Safety Training (STCW),STCW,Yes,Seagull Maritime,Norway,Oslo,2024-06-26,2024-07-16,2024-07-21,5,Cancelled,0,,1239,443,1682,2024-06-27
TRN00038,TR0010,Office,MFA,Medical First Aid (STCW),STCW,Yes,Navis Training Centre,Poland,Gdynia,2024-05-12,2024-07-19,2024-07-22,3,Completed,100,3.6,1225,142,1367,
TRN00039,TR0011,Deck,MFA,Medical First Aid (STCW),STCW,Yes,Maersk Training,Denmark,Svendborg,2024-11-22,2025-02-06,2025-02-09,3,Completed,100,3.8,1046,447,1493,
TRN00040,TR0011,Deck,BST,Basic Safety Training (STCW),STCW,Yes,Seagull Maritime,Norway,Oslo,2025-06-24,2025-07-04,2025-07-09,5,No-show,0,,1266,775,2041,
TRN00041,TR0011,Deck,MFA,Medical First Aid (STCW),STCW,Yes,Offshore Safety Center,Netherlands,Rotterdam,2025-02-17,2025-04-17,2025-04-20,3,Cancelled,0,,1050,714,1764,2025-03-19
TRN00042,TR0012,Deck,MFA,Medical First Aid (STCW),STCW,Yes,Navis Training Centre,Poland,Gdynia,2025-08-17,2025-09-02,2025-09-05,3,Completed,100,4.5,1151,193,1344,
TRN00043,TR0012,Deck,HUET,Helicopter Underwater Escape Training (OPITO),OPITO,No,,,,2024-10-03,2024-12-11,2024-12-13,2,Completed,100,4.8,1168,301,1469,
TRN00044,TR0013,Engine,BST,Basic Safety Training (STCW),STCW,Yes,Offshore Safety Center,Netherlands,Rotterdam,2024-07-23,2024-08-20,2024-08-24,4,Completed,100,4.4,1303,507,1810,
TRN00045,TR0014,Deck,AFF,Advanced Firefighting (STCW),STCW,Yes,OSM Academy,Poland,Gdańsk,2024-12-06,2025-02-07,2025-02-11,4,No-show,0,,1519,165,1684,
TRN00046,TR0014,Deck,MFA,Medical First Aid (STCW),STCW,Yes,RelyOn Nutec,Denmark,Esbjerg,2025-05-20,2025-08-09,2025-08-12,3,Completed,100,3.4,1003,639,1642,
TRN00047,TR0014,Deck,AFF,Advanced Firefighting (STCW),STCW,Yes,RelyOn Nutec,Norway,Stavanger,2025-03-14,2025-04-17,2025-04-20,3,Cancelled,0,,1737,493,2230,2025-03-30
TRN00048,TR0015,Deck,PSCRB,Proficiency in Survival Craft and Rescue Boats (STCW),STCW,Yes,RelyOn Nutec,Denmark,Esbjerg,2024-04-28,2024-06-09,2024-06-14,5,Completed,100,4.9,1997,576,2573,
TRN00049,TR0015,Deck,PSCRB,Proficiency in Survival Craft and Rescue Boats (STCW),STCW,Yes,OSM Academy,Poland,Gdańsk,2025-05-01,2025-05-18,2025-05-23,5,Completed,100,4.5,1734,194,1928,
TRN00050,TR0015,Deck,ECDIS,ECDIS,Other,No,RelyOn Nutec,Denmark,Esbjerg,2025-03-14,2025-04-14,2025-04-18,4,In progress,47,,1437,457,1894,
TRN00051,TR0015,Deck,HUET,Helicopter Underwater Escape Training (OPITO),OPITO,No,,,,2024-06-18,2024-08-17,2024-08-18,1,Completed,100,3.4,1063,582,1645,
TRN00052,TR0015,Deck,SEC,Security Awareness (STCW),STCW,Yes,Maersk Training,Denmark,Svendborg,2023-12-28,2024-01-27,2024-01-28,1,No-show,0,,585,396,981,
TRN00053,TR0016,Office,AFF,Advanced Firefighting (STCW),STCW,Yes,RelyOn Nutec,Denmark,Esbjerg,2025-02-14,2025-04-25,2025-04-28,3,Completed,100,4.3,1915,334,2249,
TRN00054,TR0016,Office,SEC,Security Awareness (STCW),STCW,Yes,RelyOn Nutec,Norway,Stavanger,2024-01-31,2024-02-15,2024-02-16,1,Completed,100,4.4,398,679,1077,
TRN00055,TR0016,Office,HUET,Helicopter Underwater Escape Training (OPITO),OPITO,No,,,,2023-12-13,2024-02-06,2024-02-08,2,Completed,100,3.9,980,394,1374,
TRN00056,TR0016,Office,AFF,Advanced Firefighting (STCW),STCW,Yes,Seagull Maritime,Norway,Oslo,2024-03-25,2024-06-09,2024-06-13,4,Completed,100,3.5,1527,317,1844,
TRN00057,TR0017,Engine,AFF,Advanced Firefighting (STCW),STCW,Yes,RelyOn Nutec,Norway,Stavanger,2025-05-04,2025-07-19,2025-07-23,4,No-show,0,,1687,730,2417,
TRN00058,TR0018,Deck,HUET,Helicopter Underwater Escape Training (OPITO),OPITO,No,,,,2025-09-19,2025-09-30,2025-10-01,1,Completed,100,4.8,1072,153,1225,
TRN00059,TR0018,Deck,HUET,Helicopter Underwater Escape Training (OPITO),OPITO,No,,,,2024-05-04,2024-06-24,2024-06-25,1,Completed,100,4.8,1046,325,1371,
TRN00060,TR0018,Deck,GMDSS,GMDSS General Operator's Certificate,Other,No,,,,2024-12-04,2025-02-11,2025-02-19,8,Cancelled,0,,2505,690,3195,2025-01-30
TRN00061,TR0018,Deck,ECDIS,ECDIS,Other,No,RelyOn Nutec,Denmark,Esbjerg,2024-01-07,2024-02-05,2024-02-09,4,Completed,100,4.8,1520,563,2083,
TRN00062,TR0018,Deck,ECDIS,ECDIS,Other,No,OSM Academy,Poland,Gdańsk,2025-01-30,2025-04-15,2025-04-19,4,Completed,100,4.6,1487,135,1622,
TRN00063,TR0018,Deck,GMDSS,GMDSS General Operator's Certificate,Other,No,,,,2023-12-15,2024-02-20,2024-02-28,8,Cancelled,0,,2574,174,2748,2024-01-06
TRN00064,TR0019,Deck,BST,Basic Safety Training (STCW),STCW,Yes,Maersk Training,Denmark,Svendborg,2025-05-26,2025-07-23,2025-07-28,5,Cancelled,0,,1179,469,1648,2025-06-01
TRN00065,TR0019,Deck,AFF,Advanced Firefighting (STCW),STCW,Yes,RelyOn Nutec,Denmark,Esbjerg,2023-12-16,2024-02-23,2024-02-26,3,Completed,100,4.9,1663,352,2015,
TRN00066,TR0020,Office,PSCRB,Proficiency in Survival Craft and Rescue Boats (STCW),STCW,Yes,Maersk Training,Denmark,Svendborg,2024-10-12,2024-12-15,2024-12-19,4,Completed,100,4.2,2255,568,2823,
TRN00067,TR0020,Office,GMDSS,GMDSS General Operator's Certificate,Other,No,,,,2024-11-26,2025-01-04,2025-01-13,9,No-show,0,,2658,444,3102,
TRN00068,TR0020,Office,AFF,Advanced Firefighting (STCW),STCW,Yes,Maersk Training,Denmark,Svendborg,2024-04-01,2024-04-29,2024-05-02,3,Cancelled,0,,1457,738,2195,2024-04-27
TRN00069,TR0020,Office,AFF,Advanced Firefighting (STCW),STCW,Yes,RelyOn Nutec,Norway,Stavanger,2025-02-06,2025-04-18,2025-04-21,3,Completed,100,4.1,1526,692,2218,
TRN00070,TR0021,Deck,AFF,Advanced Firefighting (STCW),STCW,Yes,Navis Training Centre,Poland,Gdynia,2025-04-14,2025-05-27,2025-05-30,3,No-show,0,,1495,175,1670,
TRN00071,TR0021,Deck,PSCRB,Proficiency in Survival Craft and Rescue Boats (STCW),STCW,Yes,Maersk Training,Denmark,Svendborg,2024-04-17,2024-04-27,2024-05-02,5,Completed,100,4.4,1871,488,2359,
TRN00072,TR0022,Engine,ECDIS,ECDIS,Other,No,RelyOn Nutec,Norway,Stavanger,2024-06-10,2024-09-03,2024-09-07,4,Completed,100,4.0,1353,443,1796,
TRN00073,TR0022,Engine,BST,Basic Safety Training (STCW),STCW,Yes,Maersk Training,Denmark,Svendborg,2023-12-07,2024-02-16,2024-02-20,4,Completed,100,4.2,1499,752,2251,
TRN00074,TR0022,Engine,GMDSS,GMDSS General Operator's Certificate,Other,No,,,,2024-05-26,2024-07-22,2024-07-31,9,Completed,100,4.1,2340,88,2428,
TRN00075,TR0022,Engine,GMDSS,GMDSS General Operator's Certificate,Other,No,,,,2024-12-03,2024-12-22,2025-01-01,10,Completed,100,3.3,2757,624,3381,
TRN00076,TR0022,Engine,HUET,Helicopter Underwater Escape Training (OPITO),OPITO,No,,,,2024-02-08,2024-04-09,2024-04-11,2,Completed,100,4.3,1022,693,1715,
TRN00077,TR0023,Deck,SEC,Security Awareness (STCW),STCW,Yes,RelyOn Nutec,Norway,Stavanger,2024-11-07,2024-11-20,2024-11-21,1,Completed,100,5.0,315,579,894,
TRN00078,TR0024,Office,PSCRB,Proficiency in Survival Craft and Rescue Boats (STCW),STCW,Yes,RelyOn Nutec,Norway,Stavanger,2025-03-31,2025-05-11,2025-05-16,5,In progress,33,,2074,639,2713,
TRN00079,TR0024,Office,AFF,Advanced Firefighting (STCW),STCW,Yes,Navis Training Centre,Poland,Gdynia,2024-12-03,2025-01-14,2025-01-17,3,Completed,100,4.9,1826,150,1976,
TRN00080,TR0025,Deck,HUET,Helicopter Underwater Escape Training (OPITO),OPITO,No,,,,2024-01-05,2024-02-12,2024-02-14,2,Completed,100,4.5,1196,311,1507,
TRN00081,TR0025,Deck,HUET,Helicopter Underwater Escape Training (OPITO),OPITO,No,,,,2025-08-18,2025-08-29,2025-08-31,2,Completed,100,3.5,1052,798,1850,
TRN00082,TR0026,Deck,ECDIS,ECDIS,Other,No,Seagull Maritime,Norway,Oslo,2025-06-05,2025-08-27,2025-09-01,5,Completed,100,4.9,1289,717,2006,
TRN00083,TR0026,Deck,SEC,Security Awareness (STCW),STCW,Yes,OSM Academy,Poland,Gdańsk,2024-04-08,2024-04-24,2024-04-25,1,Completed,100,4.8,495,107,602,
TRN00084,TR0027,Catering,HUET,Helicopter Underwater Escape Training (OPITO),OPITO,No,,,,2024-12-11,2025-01-10,2025-01-12,2,Completed,100,5.0,1048,187,1235,
TRN00085,TR0027,Catering,MFA,Medical First Aid (STCW),STCW,Yes,Maersk Training,Denmark,Svendborg,2025-02-27,2025-04-01,2025-04-04,3,Completed,100,4.3,1091,526,1617,
TRN00086,TR0027,Catering,AFF,Advanced Firefighting (STCW),STCW,Yes,RelyOn Nutec,Norway,Stavanger,2024-03-04,2024-04-05,2024-04-09,4,Completed,100,4.4,1589,523,2112,
TRN00087,TR0027,Catering,AFF,Advanced Firefighting (STCW),STCW,Yes,RelyOn Nutec,Norway,Stavanger,2023-12-04,2024-02-06,2024-02-10,4,Completed,100,4.1,1924,578,2502,
TRN00088,TR0027,Catering,MFA,Medical First Aid (STCW),STCW,Yes,RelyOn Nutec,Denmark,Esbjerg,2024-07-20,2024-09-29,2024-10-02,3,In progress,22,,983,667,1650,
TRN00089,TR0028,Deck,HUET,Helicopter Underwater Escape Training (OPITO),OPITO,No,,,,2023-12-29,2024-01-19,2024-01-20,1,Completed,100,4.4,1032,196,1228,
TRN00090,TR0028,Deck,GMDSS,GMDSS General Operator's Certificate,Other,No,,,,2023-12-27,2024-03-16,2024-03-24,8,Completed,100,3.6,2795,177,2972,
TRN00091,TR0028,Deck,MFA,Medical First Aid (STCW),STCW,Yes,Offshore Safety Center,Netherlands,Rotterdam,2024-03-06,2024-05-23,2024-05-26,3,In progress,34,,998,695,1693,
TRN00092,TR0029,Deck,MFA,Medical First Aid (STCW),STCW,Yes,Seagull Maritime,Norway,Oslo,2025-02-10,2025-04-13,2025-04-16,3,Completed,100,3.0,1050,443,1493,
TRN00093,TR0029,Deck,PSCRB,Proficiency in Survival Craft and Rescue Boats (STCW),STCW,Yes,OSM Academy,Poland,Gdańsk,2025-05-21,2025-07-22,2025-07-26,4,Completed,100,3.3,1641,191,1832,
TRN00094,TR0029,Deck,AFF,Advanced Firefighting (STCW),STCW,Yes,Seagull Maritime,Norway,Oslo,2024-05-10,2024-08-02,2024-08-05,3,Completed,100,5.0,1987,308,2295,
TRN00095,TR0029,Deck,MFA,Medical First Aid (STCW),STCW,Yes,OSM Academy,Poland,Gdańsk,2024-01-07,2024-03-14,2024-03-17,3,Completed,100,3.6,1300,56,1356,
TRN00096,TR0030,Catering,HUET,Helicopter Underwater Escape Training (OPITO),OPITO,No,,,,2025-09-11,2025-09-25,2025-09-27,2,Completed,100,4.1,828,464,1292,
TRN00097,TR0031,Catering,GMDSS,GMDSS General Operator's Certificate,Other,No,,,,2024-09-21,2024-12-04,2024-12-12,8,No-show,0,,2341,194,2535,
TRN00098,TR0031,Catering,BST,Basic Safety Training (STCW),STCW,Yes,RelyOn Nutec,Norway,Stavanger,2025-04-01,2025-05-25,2025-05-29,4,Completed,100,3.9,1131,591,1722,
TRN00099,TR0031,Catering,MFA,Medical First Aid (STCW),STCW,Yes,RelyOn Nutec,Norway,Stavanger,2025-01-16,2025-03-20,2025-03-23,3,Completed,100,4.2,1066,390,1456,
TRN00100,TR0031,Catering,PSCRB,Proficiency in Survival Craft and Rescue Boats (STCW),STCW,Yes,Seagull Maritime,Norway,Oslo,2025-03-30,2025-06-14,2025-06-18,4,In progress,67,,1772,440,2212,
TRN00101,TR0031,Catering,PSCRB,Proficiency in Survival Craft and Rescue Boats (STCW),STCW,Yes,Seagull Maritime,Norway,Oslo,2025-02-09,2025-04-20,2025-04-25,5,Completed,100,4.6,1960,722,2682,
TRN00102,TR0031,Catering,ECDIS,ECDIS,Other,No,Offshore Safety Center,Netherlands,Rotterdam,2024-04-27,2024-07-08,2024-07-12,4,Completed,100,5.0,1568,708,2276,
TRN00103,TR0032,Deck,PSCRB,Proficiency in Survival Craft and Rescue Boats (STCW),STCW,Yes,Offshore Safety Center,Netherlands,Rotterdam,2024-02-19,2024-04-26,2024-05-01,5,Completed,100,4.3,2155,472,2627,
TRN00104,TR0033,Catering,PSCRB,Proficiency in Survival Craft and Rescue Boats (STCW),STCW,Yes,Maersk Training,Denmark,Svendborg,2024-07-19,2024-08-16,2024-08-21,5,Completed,100,4.8,2131,740,2871,
TRN00105,TR0033,Catering,MFA,Medical First Aid (STCW),STCW,Yes,OSM Academy,Poland,Gdańsk,2024-12-11,2025-02-05,2025-02-08,3,No-show,0,,1132,98,1230,
TRN00106,TR0033,Catering,BST,Basic Safety Training (STCW),STCW,Yes,OSM Academy,Poland,Gdańsk,2025-04-30,2025-06-09,2025-06-13,4,Completed,100,3.9,1000,166,1166,
TRN00107,TR0034,Engine,AFF,Advanced Firefighting (STCW),STCW,Yes,OSM Academy,Poland,Gdańsk,2023-12-18,2024-01-12,2024-01-16,4,Cancelled,0,,1757,166,1923,2023-12-26
TRN00108,TR0035,Office,PSCRB,Proficiency in Survival Craft and Rescue Boats (STCW),STCW,Yes,RelyOn Nutec,Denmark,Esbjerg,2024-11-26,2024-12-13,2024-12-18,5,No-show,0,,2297,615,2912,
TRN00109,TR0035,Office,PSCRB,Proficiency in Survival Craft and Rescue Boats (STCW),STCW,Yes,Maersk Training,Denmark,Svendborg,2024-05-07,2024-06-26,2024-07-01,5,Completed,100,5.0,2339,491,2830,
TRN00110,TR0036,Catering,ECDIS,ECDIS,Other,No,Navis Training Centre,Poland,Gdynia,2025-04-20,2025-05-16,2025-05-20,4,Completed,100,3.6,1400,190,1590,
TRN00111,TR0036,Catering,HUET,Helicopter Underwater Escape Training (OPITO),OPITO,No,,,,2024-08-15,2024-08-29,2024-08-30,1,Completed,100,5.0,918,82,1000,
TRN00112,TR0036,Catering,AFF,Advanced Firefighting (STCW),STCW,Yes,Maersk Training,Denmark,Svendborg,2024-12-12,2025-01-08,2025-01-11,3,No-show,0,,1623,538,2161,
TRN00113,TR0037,Office,HUET,Helicopter Underwater Escape Training (OPITO),OPITO,No,,,,2024-08-01,2024-10-08,2024-10-09,1,Cancelled,0,,1082,476,1558,2024-09-03
TRN00114,TR0038,Office,SEC,Security Awareness (STCW),STCW,Yes,OSM Academy,Poland,Gdańsk,2024-04-04,2024-04-14,2024-04-15,1,Cancelled,0,,305,144,449,2024-04-09
TRN00115,TR0038,Office,HUET,Helicopter Underwater Escape Training (OPITO),OPITO,No,,,,2025-01-09,2025-03-12,2025-03-13,1,Completed,100,4.1,964,501,1465,
TRN00116,TR0039,Engine,ECDIS,ECDIS,Other,No,OSM Academy,Poland,Gdańsk,2025-03-22,2025-04-01,2025-04-06,5,Completed,100,4.6,1250,53,1303,
TRN00117,TR0039,Engine,AFF,Advanced Firefighting (STCW),STCW,Yes,Navis Training Centre,Poland,Gdynia,2025-02-08,2025-03-21,2025-03-24,3,Completed,100,3.0,1433,141,1574,
TRN00118,TR0039,Engine,ECDIS,ECDIS,Other,No,Seagull Maritime,Norway,Oslo,2024-08-19,2024-11-01,2024-11-06,5,In progress,14,,1253,535,1788,
TRN00119,TR0039,Engine,SEC,Security Awareness (STCW),STCW,Yes,RelyOn Nutec,Norway,Stavanger,2024-12-10,2025-02-04,2025-02-05,1,Completed,100,4.2,506,528,1034,
TRN00120,TR0039,Engine,MFA,Medical First Aid (STCW),STCW,Yes,RelyOn Nutec,Denmark,Esbjerg,2025-05-08,2025-07-31,2025-08-03,3,Completed,100,4.4,1002,721,1723,
TRN00121,TR0039,Engine,MFA,Medical First Aid (STCW),STCW,Yes,RelyOn Nutec,Norway,Stavanger,2024-09-23,2024-11-01,2024-11-04,3,Completed,100,4.3,1234,646,1880,
TRN00122,TR0040,Office,SEC,Security Awareness (STCW),STCW,Yes,Seagull Maritime,Norway,Oslo,2025-01-20,2025-03-22,2025-03-23,1,Cancelled,0,,548,465,1013,2025-02-22
TRN00123,TR0040,Office,ECDIS,ECDIS,Other,No,Offshore Safety Center,Netherlands,Rotterdam,2024-10-22,2024-11-30,2024-12-05,5,In progress,60,,1446,405,1851,
TRN00124,TR0040,Office,AFF,Advanced Firefighting (STCW),STCW,Yes,Maersk Training,Denmark,Svendborg,2024-02-12,2024-03-21,2024-03-24,3,No-show,0,,1537,483,2020,
TRN00125,TR0041,Engine,MFA,Medical First Aid (STCW),STCW,Yes,RelyOn Nutec,Norway,Stavanger,2024-10-30,2024-11-25,2024-11-28,3,Cancelled,0,,1239,771,2010,2024-11-04
TRN00126,TR0042,Deck,HUET,Helicopter Underwater Escape Training (OPITO),OPITO,No,,,,2023-11-28,2024-02-22,2024-02-24,2,Completed,100,4.2,925,92,1017,
TRN00127,TR0042,Deck,SEC,Security Awareness (STCW),STCW,Yes,Offshore Safety Center,Netherlands,Rotterdam,2024-04-03,2024-07-01,2024-07-02,1,Completed,100,4.3,394,758,1152,
TRN00128,TR0043,Deck,MFA,Medical First Aid (STCW),STCW,Yes,Offshore Safety Center,Netherlands,Rotterdam,2025-05-21,2025-06-03,2025-06-06,3,Completed,100,4.7,1259,687,1946,
TRN00129,TR0043,Deck,ECDIS,ECDIS,Other,No,OSM Academy,Poland,Gdańsk,2024-06-02,2024-07-13,2024-07-17,4,Completed,100,4.2,1260,171,1431,
TRN00130,TR0043,Deck,MFA,Medical First Aid (STCW),STCW,Yes,Offshore Safety Center,Netherlands,Rotterdam,2024-01-23,2024-02-20,2024-02-23,3,Completed,100,3.7,1176,304,1480,
TRN00131,TR0043,Deck,ECDIS,ECDIS,Other,No,Seagull Maritime,Norway,Oslo,2025-03-30,2025-06-17,2025-06-21,4,In progress,21,,1200,432,1632,
TRN00132,TR0043,Deck,PSCRB,Proficiency in Survival Craft and Rescue Boats (STCW),STCW,Yes,Offshore Safety Center,Netherlands,Rotterdam,2024-10-29,2024-12-11,2024-12-16,5,Completed,100,3.6,1677,517,2194,
TRN00133,TR0043,Deck,ECDIS,ECDIS,Other,No,Offshore Safety Center,Netherlands,Rotterdam,2024-01-17,2024-03-13,2024-03-18,5,No-show,0,,1320,513,1833,
TRN00134,TR0044,Catering,MFA,Medical First Aid (STCW),STCW,Yes,RelyOn Nutec,Denmark,Esbjerg,2024-02-04,2024-04-16,2024-04-19,3,Completed,100,4.4,947,360,1307,
TRN00135,TR0044,Catering,SEC,Security Awareness (STCW),STCW,Yes,Maersk Training,Denmark,Svendborg,2024-08-25,2024-10-29,2024-10-30,1,Completed,100,3.9,513,313,826,
TRN00136,TR0044,Catering,HUET,Helicopter Underwater Escape Training (OPITO),OPITO,No,,,,2025-01-21,2025-04-18,2025-04-20,2,Completed,100,4.7,1015,685,1700,
TRN00137,TR0044,Catering,PSCRB,Proficiency in Survival Craft and Rescue Boats (STCW),STCW,Yes,Seagull Maritime,Norway,Oslo,2025-08-18,2025-09-14,2025-09-18,4,Completed,100,3.8,2105,593,2698,
TRN00138,TR0044,Catering,SEC,Security Awareness (STCW),STCW,Yes,RelyOn Nutec,Norway,Stavanger,2023-11-03,2024-01-15,2024-01-16,1,Cancelled,0,,418,784,1202,2023-12-01
TRN00139,TR0044,Catering,HUET,Helicopter Underwater Escape Training (OPITO),OPITO,No,,,,2024-01-13,2024-02-08,2024-02-09,1,Completed,100,3.9,1030,385,1415,
TRN00140,TR0045,Engine,PSCRB,Proficiency in Survival Craft and Rescue Boats (STCW),STCW,Yes,RelyOn Nutec,Norway,Stavanger,2025-05-05,2025-06-08,2025-06-13,5,Completed,100,4.1,2179,693,2872,
TRN00141,TR0046,Office,AFF,Advanced Firefighting (STCW),STCW,Yes,Maersk Training,Denmark,Svendborg,2024-07-24,2024-08-20,2024-08-23,3,Completed,100,5.0,1510,527,2037,
TRN00142,TR0046,Office,HUET,Helicopter Underwater Escape Training (OPITO),OPITO,No,,,,2024-11-13,2025-01-03,2025-01-05,2,Completed,100,4.8,900,305,1205,
TRN00143,TR0046,Office,GMDSS,GMDSS General Operator's Certificate,Other,No,,,,2024-08-01,2024-10-08,2024-10-17,9,Completed,100,4.3,2951,614,3565,
TRN00144,TR0047,Deck,AFF,Advanced Firefighting (STCW),STCW,Yes,Navis Training Centre,Poland,Gdynia,2025-02-10,2025-03-12,2025-03-16,4,Completed,100,4.4,1981,161,2142,
TRN00145,TR0048,Engine,GMDSS,GMDSS General Operator's Certificate,Other,No,,,,2024-10-05,2024-12-15,2024-12-25,10,Completed,100,4.3,2829,649,3478,
TRN00146,TR0048,Engine,AFF,Advanced Firefighting (STCW),STCW,Yes,Maersk Training,Denmark,Svendborg,2023-12-26,2024-02-09,2024-02-12,3,Completed,100,3.9,1622,305,1927,
TRN00147,TR0048,Engine,GMDSS,GMDSS General Operator's Certificate,Other,No,,,,2024-11-04,2024-11-17,2024-11-27,10,Completed,100,4.3,2846,433,3279,
TRN00148,TR0048,Engine,SEC,Security Awareness (STCW),STCW,Yes,Navis Training Centre,Poland,Gdynia,2025-05-22,2025-07-27,2025-07-28,1,No-show,0,,493,128,621,
TRN00149,TR0049,Office,GMDSS,GMDSS General Operator's Certificate,Other,No,,,,2024-11-27,2025-01-26,2025-02-04,9,Cancelled,0,,2172,599,2771,2024-12-02
TRN00150,TR0049,Office,GMDSS,GMDSS General Operator's Certificate,Other,No,,,,2024-09-05,2024-11-21,2024-11-30,9,Completed,100,4.5,2786,511,3297,
TRN00151,TR0049,Office,HUET,Helicopter Underwater Escape Training (OPITO),OPITO,No,,,,2024-07-22,2024-08-12,2024-08-14,2,Completed,100,3.5,846,50,896,
TRN00152,TR0050,Office,HUET,Helicopter Underwater Escape Training (OPITO),OPITO,No,,,,2024-02-22,2024-05-18,2024-05-19,1,Completed,100,4.7,1058,183,1241,
TRN00153,TR0050,Office,MFA,Medical First Aid (STCW),STCW,Yes,RelyOn Nutec,Denmark,Esbjerg,2023-12-27,2024-01-10,2024-01-13,3,Completed,100,4.6,1037,471,1508,
TRN00154,TR0050,Office,SEC,Security Awareness (STCW),STCW,Yes,Offshore Safety Center,Netherlands,Rotterdam,2025-06-05,2025-08-18,2025-08-19,1,Completed,100,3.8,400,628,1028,
TRN00155,TR0050,Office,PSCRB,Proficiency in Survival Craft and Rescue Boats (STCW),STCW,Yes,RelyOn Nutec,Denmark,Esbjerg,2025-05-20,2025-07-03,2025-07-07,4,Completed,100,4.4,2205,394,2599,
TRN00156,TR0050,Office,PSCRB,Proficiency in Survival Craft and Rescue Boats (STCW),STCW,Yes,Seagull Maritime,Norway,Oslo,2025-06-27,2025-08-10,2025-08-14,4,Completed,100,4.3,2112,595,2707,
TRN00157,TR0051,Office,ECDIS,ECDIS,Other,No,OSM Academy,Poland,Gdańsk,2025-05-05,2025-07-25,2025-07-30,5,Completed,100,4.7,1466,154,1620,
TRN00158,TR0051,Office,ECDIS,ECDIS,Other,No,RelyOn Nutec,Norway,Stavanger,2024-09-01,2024-10-17,2024-10-21,4,Completed,100,4.6,1204,638,1842,
TRN00159,TR0051,Office,ECDIS,ECDIS,Other,No,Maersk Training,Denmark,Svendborg,2024-12-09,2025-01-13,2025-01-18,5,No-show,0,,1261,431,1692,
TRN00160,TR0051,Office,BST,Basic Safety Training (STCW),STCW,Yes,Navis Training Centre,Poland,Gdynia,2025-07-03,2025-08-23,2025-08-27,4,No-show,0,,1088,195,1283,
TRN00161,TR0051,Office,ECDIS,ECDIS,Other,No,Maersk Training,Denmark,Svendborg,2024-09-04,2024-10-22,2024-10-27,5,Completed,100,4.4,1303,313,1616,
TRN00162,TR0051,Office,SEC,Security Awareness (STCW),STCW,Yes,OSM Academy,Poland,Gdańsk,2023-11-12,2024-01-23,2024-01-24,1,Cancelled,0,,442,194,636,2024-01-17
TRN00163,TR0052,Office,HUET,Helicopter Underwater Escape Training (OPITO),OPITO,No,,,,2025-07-09,2025-09-07,2025-09-09,2,Completed,100,4.7,838,734,1572,
TRN00164,TR0052,Office,ECDIS,ECDIS,Other,No,Maersk Training,Denmark,Svendborg,2024-05-01,2024-07-16,2024-07-21,5,Completed,100,3.9,1590,478,2068,
TRN00165,TR0052,Office,SEC,Security Awareness (STCW),STCW,Yes,Seagull Maritime,Norway,Oslo,2023-12-08,2024-01-15,2024-01-16,1,Completed,100,4.1,588,799,1387,
TRN00166,TR0052,Office,ECDIS,ECDIS,Other,No,Seagull Maritime,Norway,Oslo,2025-03-17,2025-04-22,2025-04-26,4,Completed,100,4.7,1356,337,1693,
TRN00167,TR0052,Office,GMDSS,GMDSS General Operator's Certificate,Other,No,,,,2025-01-03,2025-02-14,2025-02-24,10,In progress,75,,2253,495,2748,
TRN00168,TR0052,Office,BST,Basic Safety Training (STCW),STCW,Yes,Maersk Training,Denmark,Svendborg,2025-03-14,2025-06-05,2025-06-09,4,Completed,100,4.8,1352,417,1769,
TRN00169,TR0053,Deck,AFF,Advanced Firefighting (STCW),STCW,Yes,Seagull Maritime,Norway,Oslo,2024-04-07,2024-06-07,2024-06-10,3,Completed,100,3.8,1414,456,1870,
TRN00170,TR0053,Deck,GMDSS,GMDSS General Operator's Certificate,Other,No,,,,2024-11-08,2024-11-19,2024-11-27,8,Completed,100,5.0,2410,394,2804,
TRN00171,TR0053,Deck,ECDIS,ECDIS,Other,No,OSM Academy,Poland,Gdańsk,2025-08-04,2025-09-18,2025-09-22,4,Completed,100,3.9,1491,75,1566,
TRN00172,TR0053,Deck,SEC,Security Awareness (STCW),STCW,Yes,OSM Academy,Poland,Gdańsk,2023-10-20,2024-01-11,2024-01-12,1,Cancelled,0,,337,183,520,2023-12-31
TRN00173,TR0053,Deck,ECDIS,ECDIS,Other,No,OSM Academy,Poland,Gdańsk,2023-11-29,2024-01-23,2024-01-27,4,Cancelled,0,,1562,189,1751,2023-12-25
TRN00174,TR0053,Deck,ECDIS,ECDIS,Other,No,OSM Academy,Poland,Gdańsk,2024-03-10,2024-05-20,2024-05-25,5,No-show,0,,1409,160,1569,
TRN00175,TR0054,Office,BST,Basic Safety Training (STCW),STCW,Yes,Seagull Maritime,Norway,Oslo,2025-01-17,2025-04-04,2025-04-09,5,Completed,100,3.7,1132,675,1807,
TRN00176,TR0054,Office,SEC,Security Awareness (STCW),STCW,Yes,RelyOn Nutec,Denmark,Esbjerg,2024-03-27,2024-05-06,2024-05-07,1,Completed,100,4.0,350,328,678,
TRN00177,TR0054,Office,BST,Basic Safety Training (STCW),STCW,Yes,Navis Training Centre,Poland,Gdynia,2024-12-19,2025-02-23,2025-02-28,5,Completed,100,4.1,1000,112,1112,
TRN00178,TR0054,Office,HUET,Helicopter Underwater Escape Training (OPITO),OPITO,No,,,,2025-06-01,2025-07-20,2025-07-21,1,No-show,0,,1198,448,1646,
TRN00179,TR0055,Engine,HUET,Helicopter Underwater Escape Training (OPITO),OPITO,No,,,,2024-08-13,2024-11-04,2024-11-05,1,Completed,100,3.8,1112,416,1528,
TRN00180,TR0056,Deck,HUET,Helicopter Underwater Escape Training (OPITO),OPITO,No,,,,2025-03-28,2025-06-20,2025-06-22,2,Completed,100,4.4,1093,685,1778,
TRN00181,TR0056,Deck,SEC,Security Awareness (STCW),STCW,Yes,RelyOn Nutec,Denmark,Esbjerg,2024-06-15,2024-07-28,2024-07-29,1,Completed,100,4.2,316,427,743,
TRN00182,TR0056,Deck,AFF,Advanced Firefighting (STCW),STCW,Yes,Navis Training Centre,Poland,Gdynia,2024-05-25,2024-06-27,2024-07-01,4,Cancelled,0,,1424,137,1561,2024-05-26
TRN00183,TR0056,Deck,MFA,Medical First Aid (STCW),STCW,Yes,RelyOn Nutec,Norway,Stavanger,2024-05-18,2024-06-25,2024-06-28,3,Completed,100,3.5,962,790,1752,
TRN00184,TR0057,Catering,ECDIS,ECDIS,Other,No,Maersk Training,Denmark,Svendborg,2024-04-07,2024-06-04,2024-06-09,5,In progress,58,,1536,383,1919,
TRN00185,TR0057,Catering,HUET,Helicopter Underwater Escape Training (OPITO),OPITO,No,,,,2024-03-16,2024-05-27,2024-05-29,2,Completed,100,5.0,988,659,1647,
TRN00186,TR0057,Catering,HUET,Helicopter Underwater Escape Training (OPITO),OPITO,No,,,,2024-03-21,2024-05-20,2024-05-22,2,Completed,100,4.3,1178,739,1917,
TRN00187,TR0057,Catering,MFA,Medical First Aid (STCW),STCW,Yes,Navis Training Centre,Poland,Gdynia,2024-10-03,2024-11-13,2024-11-16,3,Completed,100,3.6,1057,78,1135,
TRN00188,TR0057,Catering,AFF,Advanced Firefighting (STCW),STCW,Yes,Navis Training Centre,Poland,Gdynia,2024-04-25,2024-05-23,2024-05-27,4,In progress,56,,1417,50,1467,
TRN00189,TR0057,Catering,BST,Basic Safety Training (STCW),STCW,Yes,OSM Academy,Poland,Gdańsk,2024-05-26,2024-07-12,2024-07-17,5,Completed,100,5.0,1434,112,1546,
TRN00190,TR0058,Catering,AFF,Advanced Firefighting (STCW),STCW,Yes,Offshore Safety Center,Netherlands,Rotterdam,2024-07-18,2024-09-20,2024-09-23,3,Completed,100,3.7,1857,766,2623,
TRN00191,TR0058,Catering,BST,Basic Safety Training (STCW),STCW,Yes,Navis Training Centre,Poland,Gdynia,2024-02-15,2024-03-27,2024-03-31,4,Completed,100,5.0,1177,184,1361,
TRN00192,TR0058,Catering,GMDSS,GMDSS General Operator's Certificate,Other,No,,,,2024-10-09,2024-12-14,2024-12-22,8,Completed,100,4.7,2758,622,3380,
TRN00193,TR0058,Catering,SEC,Security Awareness (STCW),STCW,Yes,Seagull Maritime,Norway,Oslo,2024-09-21,2024-11-23,2024-11-24,1,No-show,0,,548,538,1086,
TRN00194,TR0059,Office,PSCRB,Proficiency in Survival Craft and Rescue Boats (STCW),STCW,Yes,Maersk Training,Denmark,Svendborg,2025-07-15,2025-08-01,2025-08-05,4,Completed,100,3.7,2017,590,2607,
TRN00195,TR0059,Office,MFA,Medical First Aid (STCW),STCW,Yes,Offshore Safety Center,Netherlands,Rotterdam,2024-01-09,2024-04-05,2024-04-08,3,Cancelled,0,,1187,419,1606,2024-02-24
TRN00196,TR0059,Office,GMDSS,GMDSS General Operator's Certificate,Other,No,,,,2025-03-03,2025-05-05,2025-05-13,8,Completed,100,4.6,2468,697,3165,
TRN00197,TR0059,Office,MFA,Medical First Aid (STCW),STCW,Yes,OSM Academy,Poland,Gdańsk,2023-10-16,2024-01-07,2024-01-10,3,No-show,0,,1162,200,1362,
TRN00198,TR0059,Office,AFF,Advanced Firefighting (STCW),STCW,Yes,OSM Academy,Poland,Gdańsk,2024-02-26,2024-03-25,2024-03-28,3,No-show,0,,1947,78,2025,
TRN00199,TR0060,Engine,GMDSS,GMDSS General Operator's Certificate,Other,No,,,,2024-03-12,2024-03-22,2024-03-31,9,Completed,100,4.1,2814,496,3310,
TRN00200,TR0060,Engine,ECDIS,ECDIS,Other,No,OSM Academy,Poland,Gdańsk,2025-05-26,2025-06-06,2025-06-11,5,Completed,100,4.7,1394,168,1562,
TRN00201,TR0060,Engine,SEC,Security Awareness (STCW),STCW,Yes,RelyOn Nutec,Denmark,Esbjerg,2024-08-25,2024-09-12,2024-09-13,1,Completed,100,3.6,525,352,877,
TRN00202,TR0060,Engine,SEC,Security Awareness (STCW),STCW,Yes,Navis Training Centre,Poland,Gdynia,2025-04-11,2025-05-14,2025-05-15,1,Completed,100,4.3,380,169,549,
TRN00203,TR0061,Catering,MFA,Medical First Aid (STCW),STCW,Yes,Offshore Safety Center,Netherlands,Rotterdam,2024-04-01,2024-04-24,2024-04-27,3,Completed,100,4.5,908,339,1247,
TRN00204,TR0062,Engine,AFF,Advanced Firefighting (STCW),STCW,Yes,RelyOn Nutec,Denmark,Esbjerg,2024-06-03,2024-08-24,2024-08-27,3,Cancelled,0,,1677,534,2211,2024-06-07
TRN00205,TR0062,Engine,GMDSS,GMDSS General Operator's Certificate,Other,No,,,,2025-01-30,2025-03-17,2025-03-25,8,Cancelled,0,,2074,625,2699,2025-02-17
TRN00206,TR0063,Office,GMDSS,GMDSS General Operator's Certificate,Other,No,,,,2023-12-26,2024-02-11,2024-02-19,8,Cancelled,0,,2033,316,2349,2024-02-01
TRN00207,TR0063,Office,AFF,Advanced Firefighting (STCW),STCW,Yes,OSM Academy,Poland,Gdańsk,2024-03-08,2024-06-01,2024-06-05,4,Completed,100,5.0,1998,166,2164,
TRN00208,TR0063,Office,HUET,Helicopter Underwater Escape Training (OPITO),OPITO,No,,,,2025-02-04,2025-03-30,2025-04-01,2,Completed,100,5.0,1200,171,1371,
TRN00209,TR0063,Office,SEC,Security Awareness (STCW),STCW,Yes,Maersk Training,Denmark,Svendborg,2025-04-29,2025-07-11,2025-07-12,1,Completed,100,4.1,429,609,1038,
TRN00210,TR0063,Office,SEC,Security Awareness (STCW),STCW,Yes,Maersk Training,Denmark,Svendborg,2024-09-13,2024-10-18,2024-10-19,1,In progress,20,,328,448,776,
TRN00211,TR0064,Catering,SEC,Security Awareness (STCW),STCW,Yes,Seagull Maritime,Norway,Oslo,2025-04-11,2025-05-26,2025-05-27,1,Completed,100,4.4,412,486,898,
TRN00212,TR0064,Catering,MFA,Medical First Aid (STCW),STCW,Yes,OSM Academy,Poland,Gdańsk,2024-06-12,2024-08-14,2024-08-17,3,Completed,100,4.5,997,104,1101,
TRN00213,TR0064,Catering,HUET,Helicopter Underwater Escape Training (OPITO),OPITO,No,,,,2024-01-27,2024-03-09,2024-03-11,2,Completed,100,4.4,1049,85,1134,
TRN00214,TR0065,Engine,HUET,Helicopter Underwater Escape Training (OPITO),OPITO,No,,,,2025-01-30,2025-04-11,2025-04-12,1,Cancelled,0,,1164,790,1954,2025-02-25
TRN00215,TR0065,Engine,MFA,Medical First Aid (STCW),STCW,Yes,Seagull Maritime,Norway,Oslo,2025-01-02,2025-03-25,2025-03-28,3,Completed,100,4.3,1100,595,1695,
TRN00216,TR0065,Engine,MFA,Medical First Aid (STCW),STCW,Yes,RelyOn Nutec,Norway,Stavanger,2025-07-18,2025-09-07,2025-09-10,3,No-show,0,,924,338,1262,
TRN00217,TR0065,Engine,MFA,Medical First Aid (STCW),STCW,Yes,RelyOn Nutec,Denmark,Esbjerg,2024-03-18,2024-05-10,2024-05-13,3,Completed,100,5.0,1001,653,1654,
TRN00218,TR0066,Catering,BST,Basic Safety Training (STCW),STCW,Yes,Seagull Maritime,Norway,Oslo,2024-08-09,2024-10-01,2024-10-05,4,Completed,100,3.6,1442,604,2046,
TRN00219,TR0066,Catering,MFA,Medical First Aid (STCW),STCW,Yes,RelyOn Nutec,Norway,Stavanger,2024-08-16,2024-11-13,2024-11-16,3,In progress,17,,1115,638,1753,
TRN00220,TR0066,Catering,MFA,Medical First Aid (STCW),STCW,Yes,Seagull Maritime,Norway,Oslo,2023-12-23,2024-03-21,2024-03-24,3,In progress,34,,1097,499,1596,
TRN00221,TR0066,Catering,GMDSS,GMDSS General Operator's Certificate,Other,No,,,,2025-03-20,2025-04-10,2025-04-18,8,No-show,0,,2654,358,3012,
TRN00222,TR0067,Catering,GMDSS,GMDSS General Operator's Certificate,Other,No,,,,2025-03-29,2025-05-03,2025-05-11,8,Completed,100,4.2,2046,587,2633,
TRN00223,TR0067,Catering,PSCRB,Proficiency in Survival Craft and Rescue Boats (STCW),STCW,Yes,RelyOn Nutec,Norway,Stavanger,2023-12-21,2024-01-16,2024-01-20,4,Completed,100,3.3,2393,768,3161,
TRN00224,TR0068,Office,AFF,Advanced Firefighting (STCW),STCW,Yes,Navis Training Centre,Poland,Gdynia,2025-04-06,2025-06-02,2025-06-05,3,Completed,100,4.2,1897,108,2005,
TRN00225,TR0068,Office,GMDSS,GMDSS General Operator's Certificate,Other,No,,,,2025-03-04,2025-04-21,2025-04-30,9,Completed,100,5.0,2994,701,3695,
TRN00226,TR0068,Office,BST,Basic Safety Training (STCW),STCW,Yes,RelyOn Nutec,Denmark,Esbjerg,2025-05-07,2025-06-09,2025-06-13,4,Completed,100,4.5,1482,407,1889,
TRN00227,TR0068,Office,MFA,Medical First Aid (STCW),STCW,Yes,RelyOn Nutec,Norway,Stavanger,2024-05-13,2024-07-06,2024-07-09,3,In progress,46,,997,430,1427,
TRN00228,TR0068,Office,AFF,Advanced Firefighting (STCW),STCW,Yes,Offshore Safety Center,Netherlands,Rotterdam,2024-04-16,2024-06-19,2024-06-23,4,Cancelled,0,,1763,338,2101,2024-05-01
TRN00229,TR0069,Engine,ECDIS,ECDIS,Other,No,Maersk Training,Denmark,Svendborg,2025-04-26,2025-05-30,2025-06-03,4,No-show,0,,1596,509,2105,
TRN00230,TR0070,Catering,ECDIS,ECDIS,Other,No,OSM Academy,Poland,Gdańsk,2023-11-26,2024-01-16,2024-01-20,4,Completed,100,3.8,1307,175,1482,
TRN00231,TR0071,Deck,AFF,Advanced Firefighting (STCW),STCW,Yes,Navis Training Centre,Poland,Gdynia,2025-01-26,2025-02-17,2025-02-20,3,Completed,100,3.1,1540,67,1607,
TRN00232,TR0071,Deck,HUET,Helicopter Underwater Escape Training (OPITO),OPITO,No,,,,2025-01-02,2025-02-19,2025-02-21,2,Completed,100,4.0,1101,78,1179,
TRN00233,TR0072,Engine,HUET,Helicopter Underwater Escape Training (OPITO),OPITO,No,,,,2024-09-09,2024-09-28,2024-09-30,2,Completed,100,5.0,1158,639,1797,
TRN00234,TR0072,Engine,PSCRB,Proficiency in Survival Craft and Rescue Boats (STCW),STCW,Yes,RelyOn Nutec,Norway,Stavanger,2024-11-26,2025-01-23,2025-01-27,4,Completed,100,3.6,1602,728,2330,
TRN00235,TR0072,Engine,GMDSS,GMDSS General Operator's Certificate,Other,No,,,,2024-09-09,2024-11-19,2024-11-28,9,Completed,100,3.8,2292,122,2414,
TRN00236,TR0072,Engine,MFA,Medical First Aid (STCW),STCW,Yes,Seagull Maritime,Norway,Oslo,2024-12-06,2025-02-02,2025-02-05,3,Completed,100,4.0,1276,643,1919,
TRN00237,TR0072,Engine,GMDSS,GMDSS General Operator's Certificate,Other,No,,,,2024-11-27,2025-01-14,2025-01-23,9,Completed,100,4.7,2439,618,3057,
TRN00238,TR0073,Catering,HUET,Helicopter Underwater Escape Training (OPITO),OPITO,No,,,,2024-09-29,2024-12-09,2024-12-10,1,Completed,100,4.9,1132,525,1657,
TRN00239,TR0073,Catering,HUET,Helicopter Underwater Escape Training (OPITO),OPITO,No,,,,2025-02-13,2025-05-07,2025-05-09,2,Completed,100,5.0,906,525,1431,
TRN00240,TR0073,Catering,MFA,Medical First Aid (STCW),STCW,Yes,Navis Training Centre,Poland,Gdynia,2024-06-16,2024-08-05,2024-08-08,3,Completed,100,4.5,1140,52,1192,
TRN00241,TR0073,Catering,BST,Basic Safety Training (STCW),STCW,Yes,RelyOn Nutec,Denmark,Esbjerg,2023-12-27,2024-02-23,2024-02-27,4,Cancelled,0,,1008,398,1406,2024-01-16
TRN00242,TR0073,Catering,MFA,Medical First Aid (STCW),STCW,Yes,Maersk Training,Denmark,Svendborg,2025-06-12,2025-07-26,2025-07-29,3,Completed,100,4.6,1077,637,1714,
TRN00243,TR0073,Catering,MFA,Medical First Aid (STCW),STCW,Yes,Seagull Maritime,Norway,Oslo,2024-02-05,2024-03-02,2024-03-05,3,Completed,100,4.0,1115,302,1417,
TRN00244,TR0074,Catering,GMDSS,GMDSS General Operator's Certificate,Other,No,,,,2024-01-12,2024-03-29,2024-04-06,8,Completed,100,4.6,2909,656,3565,
TRN00245,TR0074,Catering,BST,Basic Safety Training (STCW),STCW,Yes,Maersk Training,Denmark,Svendborg,2025-06-28,2025-09-01,2025-09-05,4,Cancelled,0,,1322,422,1744,2025-07-26
TRN00246,TR0074,Catering,MFA,Medical First Aid (STCW),STCW,Yes,RelyOn Nutec,Norway,Stavanger,2025-06-06,2025-06-24,2025-06-27,3,Completed,100,4.6,1094,708,1802,
TRN00247,TR0074,Catering,BST,Basic Safety Training (STCW),STCW,Yes,Navis Training Centre,Poland,Gdynia,2024-11-02,2025-01-29,2025-02-02,4,Completed,100,4.2,1037,121,1158,
TRN00248,TR0074,Catering,MFA,Medical First Aid (STCW),STCW,Yes,Offshore Safety Center,Netherlands,Rotterdam,2024-08-24,2024-09-07,2024-09-10,3,Completed,100,4.6,1075,389,1464,
TRN00249,TR0075,Engine,GMDSS,GMDSS General Operator's Certificate,Other,No,,,,2025-06-27,2025-08-15,2025-08-24,9,Completed,100,4.3,2300,523,2823,
TRN00250,TR0075,Engine,MFA,Medical First Aid (STCW),STCW,Yes,RelyOn Nutec,Denmark,Esbjerg,2024-09-07,2024-11-13,2024-11-16,3,In progress,49,,1222,355,1577,
TRN00251,TR0075,Engine,ECDIS,ECDIS,Other,No,Seagull Maritime,Norway,Oslo,2023-11-15,2024-02-09,2024-02-13,4,Cancelled,0,,1436,588,2024,2023-11-21
TRN00252,TR0075,Engine,AFF,Advanced Firefighting (STCW),STCW,Yes,Maersk Training,Denmark,Svendborg,2024-05-06,2024-08-03,2024-08-06,3,Completed,100,4.7,1567,391,1958,
TRN00253,TR0075,Engine,SEC,Security Awareness (STCW),STCW,Yes,OSM Academy,Poland,Gdańsk,2024-10-09,2024-12-10,2024-12-11,1,Completed,100,4.6,469,149,618,
TRN00254,TR0076,Engine,SEC,Security Awareness (STCW),STCW,Yes,Maersk Training,Denmark,Svendborg,2024-12-18,2025-02-25,2025-02-26,1,Completed,100,4.1,306,432,738,
TRN00255,TR0076,Engine,MFA,Medical First Aid (STCW),STCW,Yes,Seagull Maritime,Norway,Oslo,2025-05-25,2025-07-04,2025-07-07,3,In progress,11,,981,655,1636,
TRN00256,TR0076,Engine,BST,Basic Safety Training (STCW),STCW,Yes,Maersk Training,Denmark,Svendborg,2025-07-21,2025-08-11,2025-08-15,4,Completed,100,3.9,1294,749,2043,
TRN00257,TR0077,Catering,SEC,Security Awareness (STCW),STCW,Yes,RelyOn Nutec,Norway,Stavanger,2024-01-10,2024-02-15,2024-02-16,1,In progress,26,,412,532,944,
TRN00258,TR0077,Catering,ECDIS,ECDIS,Other,No,Navis Training Centre,Poland,Gdynia,2024-10-17,2024-12-25,2024-12-29,4,Completed,100,4.1,1543,158,1701,
TRN00259,TR0077,Catering,BST,Basic Safety Training (STCW),STCW,Yes,Seagull Maritime,Norway,Oslo,2024-11-26,2025-02-17,2025-02-21,4,No-show,0,,1232,523,1755,
TRN00260,TR0077,Catering,GMDSS,GMDSS General Operator's Certificate,Other,No,,,,2024-12-31,2025-02-15,2025-02-25,10,Completed,100,4.4,2988,577,3565,
TRN00261,TR0077,Catering,SEC,Security Awareness (STCW),STCW,Yes,Offshore Safety Center,Netherlands,Rotterdam,2024-06-15,2024-07-14,2024-07-15,1,Cancelled,0,,541,623,1164,2024-07-12
TRN00262,TR0078,Office,BST,Basic Safety Training (STCW),STCW,Yes,RelyOn Nutec,Denmark,Esbjerg,2025-05-12,2025-06-07,2025-06-12,5,Completed,100,4.9,1393,673,2066,
TRN00263,TR0079,Engine,MFA,Medical First Aid (STCW),STCW,Yes,Maersk Training,Denmark,Svendborg,2024-05-30,2024-07-28,2024-07-31,3,No-show,0,,1169,491,1660,
TRN00264,TR0079,Engine,GMDSS,GMDSS General Operator's Certificate,Other,No,,,,2024-08-11,2024-10-11,2024-10-21,10,Completed,100,3.5,2380,759,3139,
TRN00265,TR0079,Engine,HUET,Helicopter Underwater Escape Training (OPITO),OPITO,No,,,,2023-12-18,2024-01-07,2024-01-08,1,Completed,100,4.9,832,433,1265,
TRN00266,TR0080,Deck,ECDIS,ECDIS,Other,No,RelyOn Nutec,Norway,Stavanger,2025-06-18,2025-07-23,2025-07-27,4,Completed,100,4.1,1425,584,2009,
TRN00267,TR0080,Deck,AFF,Advanced Firefighting (STCW),STCW,Yes,Maersk Training,Denmark,Svendborg,2025-05-08,2025-05-30,2025-06-02,3,In progress,24,,1888,338,2226,
TRN00268,TR0080,Deck,PSCRB,Proficiency in Survival Craft and Rescue Boats (STCW),STCW,Yes,Maersk Training,Denmark,Svendborg,2024-04-25,2024-06-05,2024-06-09,4,In progress,31,,1729,474,2203,
TRN00269,TR0081,Catering,MFA,Medical First Aid (STCW),STCW,Yes,Maersk Training,Denmark,Svendborg,2025-04-07,2025-06-22,2025-06-25,3,No-show,0,,1236,681,1917,
TRN00270,TR0081,Catering,GMDSS,GMDSS General Operator's Certificate,Other,No,,,,2025-02-13,2025-03-15,2025-03-23,8,Completed,100,4.1,2302,763,3065,
TRN00271,TR0081,Catering,PSCRB,Proficiency in Survival Craft and Rescue Boats (STCW),STCW,Yes,Maersk Training,Denmark,Svendborg,2025-03-15,2025-05-21,2025-05-25,4,Completed,100,5.0,2126,461,2587,
TRN00272,TR0082,Engine,AFF,Advanced Firefighting (STCW),STCW,Yes,OSM Academy,Poland,Gdańsk,2024-05-08,2024-06-11,2024-06-15,4,Cancelled,0,,1923,67,1990,2024-05-23
TRN00273,TR0082,Engine,ECDIS,ECDIS,Other,No,OSM Academy,Poland,Gdańsk,2025-03-31,2025-05-06,2025-05-11,5,In progress,55,,1271,109,1380,
TRN00274,TR0082,Engine,MFA,Medical First Aid (STCW),STCW,Yes,Navis Training Centre,Poland,Gdynia,2025-06-26,2025-08-27,2025-08-30,3,Completed,100,5.0,907,128,1035,
TRN00275,TR0082,Engine,MFA,Medical First Aid (STCW),STCW,Yes,Navis Training Centre,Poland,Gdynia,2024-07-05,2024-07-17,2024-07-20,3,Completed,100,3.1,1248,73,1321,
TRN00276,TR0082,Engine,GMDSS,GMDSS General Operator's Certificate,Other,No,,,,2024-12-14,2025-01-12,2025-01-22,10,Completed,100,3.8,2557,64,2621,
TRN00277,TR0083,Office,SEC,Security Awareness (STCW),STCW,Yes,OSM Academy,Poland,Gdańsk,2024-08-05,2024-08-23,2024-08-24,1,Completed,100,4.3,465,112,577,
TRN00278,TR0084,Office,GMDSS,GMDSS General Operator's Certificate,Other,No,,,,2025-05-04,2025-05-15,2025-05-23,8,No-show,0,,2343,121,2464,
TRN00279,TR0084,Office,HUET,Helicopter Underwater Escape Training (OPITO),OPITO,No,,,,2024-11-04,2025-01-29,2025-01-31,2,Completed,100,5.0,1008,371,1379,
TRN00280,TR0084,Office,ECDIS,ECDIS,Other,No,RelyOn Nutec,Norway,Stavanger,2024-10-17,2024-12-03,2024-12-08,5,Completed,100,4.1,1231,310,1541,
TRN00281,TR0084,Office,GMDSS,GMDSS General Operator's Certificate,Other,No,,,,2024-09-15,2024-10-27,2024-11-04,8,No-show,0,,2101,724,2825,
TRN00282,TR0084,Office,ECDIS,ECDIS,Other,No,Maersk Training,Denmark,Svendborg,2024-11-27,2025-01-26,2025-01-30,4,In progress,26,,1287,340,1627,
TRN00283,TR0084,Office,PSCRB,Proficiency in Survival Craft and Rescue Boats (STCW),STCW,Yes,Maersk Training,Denmark,Svendborg,2025-06-16,2025-08-10,2025-08-14,4,In progress,63,,2271,762,3033,
TRN00284,TR0085,Engine,SEC,Security Awareness (STCW),STCW,Yes,Navis Training Centre,Poland,Gdynia,2024-03-03,2024-04-01,2024-04-02,1,Completed,100,3.9,460,146,606,
TRN00285,TR0085,Engine,GMDSS,GMDSS General Operator's Certificate,Other,No,,,,2025-07-11,2025-08-11,2025-08-20,9,Completed,100,4.3,2102,493,2595,
TRN00286,TR0085,Engine,GMDSS,GMDSS General Operator's Certificate,Other,No,,,,2024-04-20,2024-06-14,2024-06-24,10,Cancelled,0,,2121,797,2918,2024-05-05
TRN00287,TR0085,Engine,ECDIS,ECDIS,Other,No,Navis Training Centre,Poland,Gdynia,2024-02-22,2024-04-15,2024-04-19,4,Completed,100,5.0,1504,153,1657,
TRN00288,TR0085,Engine,PSCRB,Proficiency in Survival Craft and Rescue Boats (STCW),STCW,Yes,RelyOn Nutec,Norway,Stavanger,2023-10-19,2024-01-09,2024-01-14,5,Completed,100,4.8,1958,522,2480,
TRN00289,TR0085,Engine,MFA,Medical First Aid (STCW),STCW,Yes,OSM Academy,Poland,Gdańsk,2024-12-31,2025-02-19,2025-02-22,3,Completed,100,4.4,1269,57,1326,
TRN00290,TR0086,Office,AFF,Advanced Firefighting (STCW),STCW,Yes,Navis Training Centre,Poland,Gdynia,2024-10-28,2024-11-13,2024-11-16,3,Completed,100,4.6,1858,133,1991,
TRN00291,TR0086,Office,ECDIS,ECDIS,Other,No,OSM Academy,Poland,Gdańsk,2024-07-11,2024-07-26,2024-07-31,5,Completed,100,5.0,1513,71,1584,
TRN00292,TR0086,Office,GMDSS,GMDSS General Operator's Certificate,Other,No,,,,2023-12-24,2024-01-14,2024-01-24,10,Completed,100,4.0,2086,61,2147,
TRN00293,TR0086,Office,AFF,Advanced Firefighting (STCW),STCW,Yes,RelyOn Nutec,Denmark,Esbjerg,2025-05-23,2025-06-20,2025-06-23,3,Completed,100,3.8,1966,537,2503,
TRN00294,TR0087,Catering,HUET,Helicopter Underwater Escape Training (OPITO),OPITO,No,,,,2024-08-22,2024-10-14,2024-10-15,1,Completed,100,4.0,881,753,1634,
TRN00295,TR0087,Catering,AFF,Advanced Firefighting (STCW),STCW,Yes,Navis Training Centre,Poland,Gdynia,2025-04-28,2025-07-02,2025-07-06,4,Completed,100,4.2,1458,180,1638,
TRN00296,TR0087,Catering,AFF,Advanced Firefighting (STCW),STCW,Yes,Maersk Training,Denmark,Svendborg,2025-01-16,2025-03-20,2025-03-23,3,Completed,100,3.9,1606,652,2258,
TRN00297,TR0087,Catering,MFA,Medical First Aid (STCW),STCW,Yes,RelyOn Nutec,Norway,Stavanger,2024-09-30,2024-11-27,2024-11-30,3,Completed,100,4.8,1249,512,1761,
TRN00298,TR0087,Catering,BST,Basic Safety Training (STCW),STCW,Yes,OSM Academy,Poland,Gdańsk,2025-01-25,2025-02-07,2025-02-11,4,Completed,100,4.7,1219,157,1376,
TRN00299,TR0088,Office,PSCRB,Proficiency in Survival Craft and Rescue Boats (STCW),STCW,Yes,RelyOn Nutec,Denmark,Esbjerg,2025-05-13,2025-06-15,2025-06-20,5,Completed,100,5.0,2161,476,2637,
TRN00300,TR0088,Office,PSCRB,Proficiency in Survival Craft and Rescue Boats (STCW),STCW,Yes,RelyOn Nutec,Denmark,Esbjerg,2024-06-23,2024-09-06,2024-09-10,4,Completed,100,4.5,1934,717,2651,
TRN00301,TR0088,Office,ECDIS,ECDIS,Other,No,Offshore Safety Center,Netherlands,Rotterdam,2024-08-15,2024-10-21,2024-10-26,5,Completed,100,4.6,1445,424,1869,
TRN00302,TR0088,Office,GMDSS,GMDSS General Operator's Certificate,Other,No,,,,2025-06-11,2025-07-05,2025-07-13,8,Completed,100,3.7,2736,654,3390,
TRN00303,TR0088,Office,GMDSS,GMDSS General Operator's Certificate,Other,No,,,,2025-04-13,2025-06-03,2025-06-12,9,Completed,100,4.3,2939,313,3252,
TRN00304,TR0088,Office,MFA,Medical First Aid (STCW),STCW,Yes,Seagull Maritime,Norway,Oslo,2024-09-05,2024-11-13,2024-11-16,3,Completed,100,4.9,1280,410,1690,
TRN00305,TR0089,Office,MFA,Medical First Aid (STCW),STCW,Yes,Seagull Maritime,Norway,Oslo,2025-05-07,2025-05-18,2025-05-21,3,Completed,100,3.6,1130,625,1755,
TRN00306,TR0089,Office,AFF,Advanced Firefighting (STCW),STCW,Yes,Maersk Training,Denmark,Svendborg,2023-12-15,2024-01-28,2024-02-01,4,In progress,74,,1628,560,2188,
TRN00307,TR0089,Office,MFA,Medical First Aid (STCW),STCW,Yes,Seagull Maritime,Norway,Oslo,2024-12-04,2025-02-27,2025-03-02,3,In progress,32,,1063,600,1663,
TRN00308,TR0089,Office,MFA,Medical First Aid (STCW),STCW,Yes,Maersk Training,Denmark,Svendborg,2024-09-19,2024-10-29,2024-11-01,3,No-show,0,,1294,309,1603,
TRN00309,TR0089,Office,HUET,Helicopter Underwater Escape Training (OPITO),OPITO,No,,,,2025-06-24,2025-09-21,2025-09-23,2,No-show,0,,892,565,1457,
TRN00310,TR0089,Office,AFF,Advanced Firefighting (STCW),STCW,Yes,RelyOn Nutec,Denmark,Esbjerg,2024-12-12,2024-12-26,2024-12-29,3,Completed,100,4.8,1675,563,2238,
TRN00311,TR0090,Catering,MFA,Medical First Aid (STCW),STCW,Yes,Seagull Maritime,Norway,Oslo,2025-03-22,2025-05-27,2025-05-30,3,Completed,100,4.7,963,673,1636,
TRN00312,TR0090,Catering,ECDIS,ECDIS,Other,No,OSM Academy,Poland,Gdańsk,2024-04-21,2024-06-13,2024-06-17,4,Completed,100,4.9,1511,160,1671,
TRN00313,TR0090,Catering,BST,Basic Safety Training (STCW),STCW,Yes,Offshore Safety Center,Netherlands,Rotterdam,2025-07-03,2025-09-11,2025-09-15,4,Cancelled,0,,1403,669,2072,2025-07-05
TRN00314,TR0091,Catering,HUET,Helicopter Underwater Escape Training (OPITO),OPITO,No,,,,2025-04-26,2025-05-25,2025-05-26,1,Cancelled,0,,1081,584,1665,2025-04-27
TRN00315,TR0092,Engine,HUET,Helicopter Underwater Escape Training (OPITO),OPITO,No,,,,2024-05-09,2024-07-16,2024-07-17,1,Completed,100,4.0,1124,460,1584,
TRN00316,TR0092,Engine,PSCRB,Proficiency in Survival Craft and Rescue Boats (STCW),STCW,Yes,Seagull Maritime,Norway,Oslo,2025-03-03,2025-05-04,2025-05-09,5,Completed,100,4.3,1841,515,2356,
TRN00317,TR0092,Engine,BST,Basic Safety Training (STCW),STCW,Yes,OSM Academy,Poland,Gdańsk,2024-07-10,2024-09-07,2024-09-11,4,Cancelled,0,,1284,88,1372,2024-08-10
TRN00318,TR0093,Deck,SEC,Security Awareness (STCW),STCW,Yes,Seagull Maritime,Norway,Oslo,2024-05-25,2024-06-26,2024-06-27,1,Completed,100,3.9,593,639,1232,
TRN00319,TR0093,Deck,MFA,Medical First Aid (STCW),STCW,Yes,OSM Academy,Poland,Gdańsk,2024-11-26,2024-12-06,2024-12-09,3,Cancelled,0,,1163,145,1308,2024-12-02
TRN00320,TR0093,Deck,PSCRB,Proficiency in Survival Craft and Rescue Boats (STCW),STCW,Yes,RelyOn Nutec,Denmark,Esbjerg,2025-04-05,2025-05-31,2025-06-04,4,Completed,100,4.6,1792,610,2402,
TRN00321,TR0094,Catering,MFA,Medical First Aid (STCW),STCW,Yes,Navis Training Centre,Poland,Gdynia,2024-12-09,2025-03-02,2025-03-05,3,Completed,100,4.4,1013,194,1207,
TRN00322,TR0094,Catering,GMDSS,GMDSS General Operator's Certificate,Other,No,,,,2025-05-21,2025-08-10,2025-08-20,10,Completed,100,4.4,2344,95,2439,
TRN00323,TR0095,Catering,AFF,Advanced Firefighting (STCW),STCW,Yes,Maersk Training,Denmark,Svendborg,2023-11-22,2024-01-01,2024-01-04,3,In progress,78,,1452,603,2055,
TRN00324,TR0095,Catering,PSCRB,Proficiency in Survival Craft and Rescue Boats (STCW),STCW,Yes,Navis Training Centre,Poland,Gdynia,2024-10-16,2024-12-26,2024-12-31,5,In progress,42,,1819,112,1931,
TRN00325,TR0095,Catering,ECDIS,ECDIS,Other,No,Navis Training Centre,Poland,Gdynia,2024-03-07,2024-03-29,2024-04-03,5,Cancelled,0,,1272,126,1398,2024-03-16
TRN00326,TR0095,Catering,SEC,Security Awareness (STCW),STCW,Yes,RelyOn Nutec,Norway,Stavanger,2024-11-06,2024-11-19,2024-11-20,1,Cancelled,0,,401,318,719,2024-11-12
TRN00327,TR0096,Deck,MFA,Medical First Aid (STCW),STCW,Yes,Offshore Safety Center,Netherlands,Rotterdam,2025-07-25,2025-08-16,2025-08-19,3,Completed,100,4.1,1178,638,1816,
TRN00328,TR0096,Deck,SEC,Security Awareness (STCW),STCW,Yes,Seagull Maritime,Norway,Oslo,2025-03-06,2025-03-30,2025-03-31,1,Cancelled,0,,364,375,739,2025-03-13
TRN00329,TR0097,Catering,ECDIS,ECDIS,Other,No,Navis Training Centre,Poland,Gdynia,2025-07-16,2025-08-27,2025-08-31,4,Completed,100,4.8,1504,84,1588,
TRN00330,TR0097,Catering,SEC,Security Awareness (STCW),STCW,Yes,RelyOn Nutec,Norway,Stavanger,2024-03-22,2024-04-11,2024-04-12,1,Completed,100,4.0,409,761,1170,
TRN00331,TR0097,Catering,GMDSS,GMDSS General Operator's Certificate,Other,No,,,,2023-11-29,2024-01-03,2024-01-11,8,Completed,100,5.0,2327,603,2930,
TRN00332,TR0097,Catering,SEC,Security Awareness (STCW),STCW,Yes,Offshore Safety Center,Netherlands,Rotterdam,2025-01-05,2025-03-25,2025-03-26,1,Completed,100,3.7,416,520,936,
TRN00333,TR0097,Catering,AFF,Advanced Firefighting (STCW),STCW,Yes,Seagull Maritime,Norway,Oslo,2024-08-03,2024-10-30,2024-11-02,3,Cancelled,0,,1699,527,2226,2024-08-18
TRN00334,TR0098,Catering,ECDIS,ECDIS,Other,No,RelyOn Nutec,Norway,Stavanger,2024-10-14,2024-12-08,2024-12-13,5,Completed,100,3.5,1563,678,2241,
TRN00335,TR0098,Catering,BST,Basic Safety Training (STCW),STCW,Yes,OSM Academy,Poland,Gdańsk,2025-01-31,2025-03-02,2025-03-06,4,In progress,56,,1406,156,1562,
TRN00336,TR0098,Catering,AFF,Advanced Firefighting (STCW),STCW,Yes,RelyOn Nutec,Norway,Stavanger,2024-04-02,2024-04-26,2024-04-30,4,Completed,100,4.3,1450,570,2020,
TRN00337,TR0099,Engine,ECDIS,ECDIS,Other,No,Maersk Training,Denmark,Svendborg,2024-09-13,2024-11-29,2024-12-03,4,Completed,100,3.6,1572,351,1923,
TRN00338,TR0099,Engine,ECDIS,ECDIS,Other,No,Offshore Safety Center,Netherlands,Rotterdam,2025-03-31,2025-05-08,2025-05-12,4,Cancelled,0,,1438,455,1893,2025-05-05
TRN00339,TR0099,Engine,PSCRB,Proficiency in Survival Craft and Rescue Boats (STCW),STCW,Yes,Maersk Training,Denmark,Svendborg,2024-04-08,2024-05-23,2024-05-28,5,Completed,100,4.5,2269,445,2714,
TRN00340,TR0100,Office,ECDIS,ECDIS,Other,No,OSM Academy,Poland,Gdańsk,2024-09-17,2024-12-10,2024-12-15,5,Completed,100,4.3,1462,144,1606,
TRN00341,TR0100,Office,SEC,Security Awareness (STCW),STCW,Yes,RelyOn Nutec,Denmark,Esbjerg,2024-01-25,2024-04-17,2024-04-18,1,Completed,100,4.0,338,696,1034,
TRN00342,TR0101,Engine,SEC,Security Awareness (STCW),STCW,Yes,RelyOn Nutec,Norway,Stavanger,2025-01-28,2025-03-20,2025-03-21,1,In progress,77,,335,383,718,
TRN00343,TR0102,Catering,SEC,Security Awareness (STCW),STCW,Yes,RelyOn Nutec,Norway,Stavanger,2024-11-27,2025-01-19,2025-01-20,1,Completed,100,3.9,472,661,1133,
TRN00344,TR0102,Catering,HUET,Helicopter Underwater Escape Training (OPITO),OPITO,No,,,,2025-06-20,2025-07-12,2025-07-13,1,In progress,30,,1174,705,1879,
TRN00345,TR0102,Catering,GMDSS,GMDSS General Operator's Certificate,Other,No,,,,2024-07-03,2024-08-07,2024-08-15,8,Completed,100,3.6,2520,570,3090,
TRN00346,TR0102,Catering,BST,Basic Safety Training (STCW),STCW,Yes,RelyOn Nutec,Norway,Stavanger,2025-07-09,2025-09-28,2025-10-03,5,Cancelled,0,,1151,507,1658,2025-08-27
TRN00347,TR0102,Catering,HUET,Helicopter Underwater Escape Training (OPITO),OPITO,No,,,,2024-04-17,2024-06-02,2024-06-03,1,Cancelled,0,,867,349,1216,2024-05-11
TRN00348,TR0102,Catering,HUET,Helicopter Underwater Escape Training (OPITO),OPITO,No,,,,2025-04-06,2025-06-14,2025-06-16,2,Cancelled,0,,966,501,1467,2025-04-24
TRN00349,TR0103,Engine,HUET,Helicopter Underwater Escape Training (OPITO),OPITO,No,,,,2024-12-26,2025-03-14,2025-03-16,2,No-show,0,,974,98,1072,
TRN00350,TR0103,Engine,SEC,Security Awareness (STCW),STCW,Yes,Navis Training Centre,Poland,Gdynia,2025-03-16,2025-04-27,2025-04-28,1,Completed,100,5.0,418,198,616,
TRN00351,TR0103,Engine,BST,Basic Safety Training (STCW),STCW,Yes,OSM Academy,Poland,Gdańsk,2025-02-11,2025-03-07,2025-03-11,4,No-show,0,,1418,60,1478,
TRN00352,TR0104,Engine,PSCRB,Proficiency in Survival Craft and Rescue Boats (STCW),STCW,Yes,Offshore Safety Center,Netherlands,Rotterdam,2025-06-07,2025-08-12,2025-08-16,4,Completed,100,3.9,1853,708,2561,
TRN00353,TR0104,Engine,PSCRB,Proficiency in Survival Craft and Rescue Boats (STCW),STCW,Yes,RelyOn Nutec,Norway,Stavanger,2024-11-21,2025-01-08,2025-01-12,4,Completed,100,5.0,2352,758,3110,
TRN00354,TR0105,Deck,PSCRB,Proficiency in Survival Craft and Rescue Boats (STCW),STCW,Yes,RelyOn Nutec,Norway,Stavanger,2024-08-12,2024-10-28,2024-11-01,4,Completed,100,3.5,1817,401,2218,
TRN00355,TR0105,Deck,HUET,Helicopter Underwater Escape Training (OPITO),OPITO,No,,,,2023-12-22,2024-02-05,2024-02-07,2,Completed,100,4.6,1186,372,1558,
TRN00356,TR0105,Deck,PSCRB,Proficiency in Survival Craft and Rescue Boats (STCW),STCW,Yes,OSM Academy,Poland,Gdańsk,2024-09-30,2024-12-18,2024-12-22,4,Completed,100,3.9,2024,62,2086,
TRN00357,TR0105,Deck,ECDIS,ECDIS,Other,No,Offshore Safety Center,Netherlands,Rotterdam,2025-04-25,2025-05-31,2025-06-05,5,Completed,100,4.3,1359,448,1807,
TRN00358,TR0106,Deck,GMDSS,GMDSS General Operator's Certificate,Other,No,,,,2025-05-23,2025-07-15,2025-07-25,10,Cancelled,0,,2380,357,2737,2025-05-26
TRN00359,TR0106,Deck,AFF,Advanced Firefighting (STCW),STCW,Yes,Maersk Training,Denmark,Svendborg,2024-11-26,2024-12-07,2024-12-11,4,Completed,100,3.3,1571,557,2128,
TRN00360,TR0106,Deck,BST,Basic Safety Training (STCW),STCW,Yes,Seagull Maritime,Norway,Oslo,2024-12-29,2025-03-17,2025-03-22,5,Cancelled,0,,1332,776,2108,2025-01-29
TRN00361,TR0106,Deck,MFA,Medical First Aid (STCW),STCW,Yes,Maersk Training,Denmark,Svendborg,2024-08-26,2024-10-29,2024-11-01,3,Completed,100,4.0,1107,405,1512,
TRN00362,TR0106,Deck,BST,Basic Safety Training (STCW),STCW,Yes,RelyOn Nutec,Norway,Stavanger,2025-01-16,2025-03-21,2025-03-26,5,In progress,26,,1399,311,1710,
TRN00363,TR0106,Deck,ECDIS,ECDIS,Other,No,Maersk Training,Denmark,Svendborg,2025-01-17,2025-02-03,2025-02-08,5,Completed,100,3.8,1202,443,1645,
TRN00364,TR0107,Office,GMDSS,GMDSS General Operator's Certificate,Other,No,,,,2024-03-30,2024-04-13,2024-04-22,9,No-show,0,,2979,659,3638,
TRN00365,TR0107,Office,SEC,Security Awareness (STCW),STCW,Yes,Offshore Safety Center,Netherlands,Rotterdam,2024-06-22,2024-09-04,2024-09-05,1,Completed,100,4.2,420,585,1005,
TRN00366,TR0107,Office,PSCRB,Proficiency in Survival Craft and Rescue Boats (STCW),STCW,Yes,OSM Academy,Poland,Gdańsk,2024-03-10,2024-05-28,2024-06-02,5,Completed,100,4.4,2005,81,2086,
TRN00367,TR0108,Catering,ECDIS,ECDIS,Other,No,Offshore Safety Center,Netherlands,Rotterdam,2025-04-21,2025-05-14,2025-05-19,5,Completed,100,4.2,1491,780,2271,
TRN00368,TR0108,Catering,GMDSS,GMDSS General Operator's Certificate,Other,No,,,,2024-02-08,2024-04-23,2024-05-01,8,Completed,100,3.7,2360,640,3000,
TRN00369,TR0108,Catering,AFF,Advanced Firefighting (STCW),STCW,Yes,Navis Training Centre,Poland,Gdynia,2025-01-07,2025-03-24,2025-03-27,3,Cancelled,0,,1579,200,1779,2025-02-02
TRN00370,TR0108,Catering,HUET,Helicopter Underwater Escape Training (OPITO),OPITO,No,,,,2024-05-11,2024-07-14,2024-07-16,2,Completed,100,3.9,1061,718,1779,
TRN00371,TR0108,Catering,HUET,Helicopter Underwater Escape Training (OPITO),OPITO,No,,,,2025-01-16,2025-02-09,2025-02-10,1,Completed,100,4.1,1141,615,1756,
TRN00372,TR0108,Catering,GMDSS,GMDSS General Operator's Certificate,Other,No,,,,2024-07-06,2024-08-26,2024-09-03,8,Completed,100,4.5,2677,381,3058,
TRN00373,TR0109,Deck,SEC,Security Awareness (STCW),STCW,Yes,Maersk Training,Denmark,Svendborg,2024-04-28,2024-06-06,2024-06-07,1,Completed,100,4.0,433,366,799,
TRN00374,TR0109,Deck,MFA,Medical First Aid (STCW),STCW,Yes,OSM Academy,Poland,Gdańsk,2024-02-18,2024-03-13,2024-03-16,3,In progress,11,,1062,115,1177,
TRN00375,TR0109,Deck,GMDSS,GMDSS General Operator's Certificate,Other,No,,,,2025-03-12,2025-04-10,2025-04-19,9,Completed,100,4.8,2977,555,3532,
TRN00376,TR0109,Deck,AFF,Advanced Firefighting (STCW),STCW,Yes,RelyOn Nutec,Norway,Stavanger,2024-07-09,2024-09-22,2024-09-25,3,Completed,100,4.8,1652,609,2261,
TRN00377,TR0109,Deck,SEC,Security Awareness (STCW),STCW,Yes,Navis Training Centre,Poland,Gdynia,2024-01-21,2024-04-19,2024-04-20,1,Completed,100,3.5,537,174,711,
TRN00378,TR0110,Deck,SEC,Security Awareness (STCW),STCW,Yes,Seagull Maritime,Norway,Oslo,2025-03-08,2025-04-27,2025-04-28,1,Completed,100,4.0,324,440,764,
TRN00379,TR0110,Deck,SEC,Security Awareness (STCW),STCW,Yes,Navis Training Centre,Poland,Gdynia,2025-03-24,2025-06-20,2025-06-21,1,Completed,100,4.2,367,61,428,
TRN00380,TR0110,Deck,ECDIS,ECDIS,Other,No,Navis Training Centre,Poland,Gdynia,2024-04-15,2024-05-07,2024-05-12,5,No-show,0,,1230,127,1357,
TRN00381,TR0110,Deck,BST,Basic Safety Training (STCW),STCW,Yes,OSM Academy,Poland,Gdańsk,2025-04-07,2025-06-15,2025-06-20,5,Completed,100,3.5,1446,183,1629,
TRN00382,TR0111,Catering,AFF,Advanced Firefighting (STCW),STCW,Yes,Offshore Safety Center,Netherlands,Rotterdam,2025-04-18,2025-05-31,2025-06-03,3,Completed,100,4.9,1744,429,2173,
TRN00383,TR0111,Catering,PSCRB,Proficiency in Survival Craft and Rescue Boats (STCW),STCW,Yes,Seagull Maritime,Norway,Oslo,2024-11-18,2025-01-16,2025-01-20,4,Completed,100,4.0,1852,714,2566,
TRN00384,TR0111,Catering,AFF,Advanced Firefighting (STCW),STCW,Yes,OSM Academy,Poland,Gdańsk,2024-09-14,2024-11-24,2024-11-28,4,No-show,0,,1893,164,2057,
TRN00385,TR0112,Catering,AFF,Advanced Firefighting (STCW),STCW,Yes,Navis Training Centre,Poland,Gdynia,2025-08-18,2025-08-31,2025-09-04,4,Completed,100,4.1,1951,66,2017,
TRN00386,TR0112,Catering,HUET,Helicopter Underwater Escape Training (OPITO),OPITO,No,,,,2024-02-09,2024-04-10,2024-04-11,1,Completed,100,4.8,1020,101,1121,
TRN00387,TR0112,Catering,BST,Basic Safety Training (STCW),STCW,Yes,Offshore Safety Center,Netherlands,Rotterdam,2023-12-22,2024-03-03,2024-03-07,4,In progress,16,,1061,555,1616,
TRN00388,TR0112,Catering,MFA,Medical First Aid (STCW),STCW,Yes,RelyOn Nutec,Norway,Stavanger,2024-05-11,2024-06-03,2024-06-06,3,Completed,100,4.5,1128,385,1513,
TRN00389,TR0113,Catering,SEC,Security Awareness (STCW),STCW,Yes,OSM Academy,Poland,Gdańsk,2025-03-21,2025-05-24,2025-05-25,1,Completed,100,4.0,361,198,559,
TRN00390,TR0113,Catering,PSCRB,Proficiency in Survival Craft and Rescue Boats (STCW),STCW,Yes,Offshore Safety Center,Netherlands,Rotterdam,2024-12-14,2025-02-26,2025-03-02,4,Completed,100,4.5,1612,512,2124,
TRN00391,TR0113,Catering,AFF,Advanced Firefighting (STCW),STCW,Yes,RelyOn Nutec,Denmark,Esbjerg,2024-06-28,2024-08-29,2024-09-01,3,Cancelled,0,,1737,784,2521,2024-08-12
TRN00392,TR0113,Catering,BST,Basic Safety Training (STCW),STCW,Yes,RelyOn Nutec,Norway,Stavanger,2024-04-04,2024-06-12,2024-06-16,4,Cancelled,0,,1394,490,1884,2024-04-25
TRN00393,TR0113,Catering,HUET,Helicopter Underwater Escape Training (OPITO),OPITO,No,,,,2024-08-31,2024-11-03,2024-11-05,2,Completed,100,4.7,916,581,1497,
TRN00394,TR0114,Catering,PSCRB,Proficiency in Survival Craft and Rescue Boats (STCW),STCW,Yes,OSM Academy,Poland,Gdańsk,2025-01-23,2025-03-11,2025-03-15,4,Completed,100,3.7,2153,70,2223,
TRN00395,TR0114,Catering,SEC,Security Awareness (STCW),STCW,Yes,Navis Training Centre,Poland,Gdynia,2025-06-15,2025-07-07,2025-07-08,1,In progress,73,,412,154,566,
TRN00396,TR0114,Catering,AFF,Advanced Firefighting (STCW),STCW,Yes,RelyOn Nutec,Norway,Stavanger,2023-12-30,2024-01-17,2024-01-21,4,Completed,100,4.5,1824,428,2252,
TRN00397,TR0115,Deck,AFF,Advanced Firefighting (STCW),STCW,Yes,OSM Academy,Poland,Gdańsk,2024-07-13,2024-08-19,2024-08-22,3,Completed,100,4.2,1599,128,1727,
TRN00398,TR0115,Deck,ECDIS,ECDIS,Other,No,Maersk Training,Denmark,Svendborg,2024-04-04,2024-06-21,2024-06-25,4,Completed,100,4.7,1286,400,1686,
TRN00399,TR0115,Deck,ECDIS,ECDIS,Other,No,OSM Academy,Poland,Gdańsk,2025-02-05,2025-03-10,2025-03-15,5,Completed,100,4.9,1216,182,1398,
TRN00400,TR0115,Deck,AFF,Advanced Firefighting (STCW),STCW,Yes,OSM Academy,Poland,Gdańsk,2024-03-21,2024-05-27,2024-05-30,3,Completed,100,4.0,1765,188,1953,
TRN00401,TR0116,Catering,GMDSS,GMDSS General Operator's Certificate,Other,No,,,,2024-08-31,2024-09-17,2024-09-25,8,Completed,100,4.9,2319,437,2756,
TRN00402,TR0116,Catering,BST,Basic Safety Training (STCW),STCW,Yes,RelyOn Nutec,Denmark,Esbjerg,2025-06-16,2025-07-03,2025-07-07,4,Completed,100,3.6,1255,659,1914,
TRN00403,TR0117,Deck,BST,Basic Safety Training (STCW),STCW,Yes,RelyOn Nutec,Denmark,Esbjerg,2025-04-28,2025-07-14,2025-07-19,5,Completed,100,5.0,1077,404,1481,
TRN00404,TR0117,Deck,HUET,Helicopter Underwater Escape Training (OPITO),OPITO,No,,,,2024-04-07,2024-06-17,2024-06-18,1,Completed,100,3.9,1054,163,1217,
TRN00405,TR0118,Catering,MFA,Medical First Aid (STCW),STCW,Yes,OSM Academy,Poland,Gdańsk,2025-04-21,2025-05-02,2025-05-05,3,Completed,100,4.1,1273,62,1335,
TRN00406,TR0118,Catering,GMDSS,GMDSS General Operator's Certificate,Other,No,,,,2024-05-14,2024-06-08,2024-06-18,10,Completed,100,3.9,2287,587,2874,
TRN00407,TR0118,Catering,PSCRB,Proficiency in Survival Craft and Rescue Boats (STCW),STCW,Yes,Maersk Training,Denmark,Svendborg,2024-09-02,2024-09-29,2024-10-04,5,Completed,100,4.5,1782,756,2538,
TRN00408,TR0119,Engine,SEC,Security Awareness (STCW),STCW,Yes,RelyOn Nutec,Norway,Stavanger,2025-02-23,2025-05-02,2025-05-03,1,Completed,100,4.0,423,772,1195,
TRN00409,TR0120,Deck,ECDIS,ECDIS,Other,No,RelyOn Nutec,Norway,Stavanger,2024-04-21,2024-06-20,2024-06-25,5,Completed,100,3.9,1373,412,1785,
TRN00410,TR0120,Deck,AFF,Advanced Firefighting (STCW),STCW,Yes,Navis Training Centre,Poland,Gdynia,2024-03-14,2024-05-01,2024-05-05,4,Completed,100,4.2,1896,61,1957,
TRN00411,TR0120,Deck,ECDIS,ECDIS,Other,No,Offshore Safety Center,Netherlands,Rotterdam,2025-01-01,2025-01-31,2025-02-05,5,Completed,100,4.4,1325,691,2016,
TRN00412,TR0120,Deck,ECDIS,ECDIS,Other,No,OSM Academy,Poland,Gdańsk,2024-10-12,2024-10-28,2024-11-02,5,Completed,100,3.9,1350,135,1485,
